name,genotype,farm,cell,longitude,latitude,X_epsg102022,Y_epsg102022,tick,cape,cattle,bio5,ECF
453,0,19,41,0.9932171517639892,-0.3485646470795443,0.9899509902370572,-0.3513954456559266,1.3507626320394737,-0.2062440903813379,-0.1272294188043087,0.1065217564850431,0
350,0,133,32,0.4983160371417,1.2268698091967107,0.5017358808327002,1.226955562823525,-0.7015572596503048,-0.3253672512135354,-0.7532648246191009,1.0984337403815694,0
218,0,151,19,-0.5718219906405042,0.8423794601672221,-0.5687790269294711,0.8455454063611075,-0.5986600572518698,-0.239191543641091,-0.701706027605896,1.0804593056460807,0
243,0,7,21,-0.3958193978845373,-0.2653008912525863,-0.3963734383484218,-0.2637672868027507,-0.3112590810913794,-0.2298865675635167,-0.4304583446678655,-0.3921244091780964,0
163,0,38,14,-0.9023983114690122,-0.664372594302856,-0.9031867794472525,-0.6623585797469368,-0.2797102744098199,0.7752257555890709,-0.3387705340549032,-0.9649040648670806,0
166,0,39,14,-0.866453341866296,-0.5316400290307703,-0.8669435685676636,-0.5294337434059355,-0.1230414626286354,0.3481823253476022,-0.3689443054335092,-0.713602130489406,0
532,0,23,46,1.1712845948391108,-0.214149617881984,1.1682601487083215,-0.2173610197540764,0.0001851927620284,-0.2869157370503473,0.4444460645835988,0.3647088916884014,0
408,0,135,38,0.9453692523616082,0.9995405276299671,0.9475631143800896,0.99821397083269,-0.6975802325126449,-0.326164362351363,-0.7953751757300029,0.6256144662854646,0
553,0,62,47,1.254244617862628,-0.4379464535445923,1.250141616689128,-0.4418607978263384,2.371923370819179,-0.3161381731315895,0.1897214003652491,-0.0142475204853837,0
31,0,84,3,-1.574303367664247,-1.634753692652862,-1.5760064955954791,-1.6336822009867795,-0.3362512602580657,0.4774279372897312,1.447433515126052,-1.5006109162525407,0
26,0,66,2,-1.6922484465969612,-0.8917674264121505,-1.6919842089027888,-0.8885835874811755,-0.0722547411137742,-0.3088288525222444,-0.3443257192941831,-2.552547633583364,0
346,0,132,32,0.5409596850373349,1.2461635188875446,0.5444205844414487,1.2461055052755858,-0.7065532451156009,-0.3255088723323893,-0.7636161668155121,0.9843080055348364,0
1,0,108,0,-1.5174129431518222,-1.9022363232288797,-1.5198935549648676,-1.9020081373417743,-0.6759327678064672,-0.2773683998722551,-0.7953751757300029,-2.322606089260718,0
257,0,80,23,-0.5004361787705209,-1.0528396762471028,-0.5031947889275558,-1.0527070911807794,0.0838268170535032,0.1798333736681849,-0.2940763281583996,-0.8674308224971375,0
363,0,161,33,0.3658272298740577,0.4986833987852839,0.3667220263133178,0.4990376987899531,-0.5603175572606299,-0.2234056195246548,-0.0738338093051822,0.7951803936485563,0
347,0,132,32,0.5409596850373349,1.2461635188875446,0.5444205844414487,1.2461055052755858,-0.7065532451156009,-0.3255088723323893,-0.7636161668155121,0.9843080055348364,0
45,0,114,4,-1.4022302057831986,-1.8442022428904257,-1.4048927460567195,-1.844048231159826,-0.6094351980593707,-0.2862383384143244,0.3158717621268734,-1.5101887666823697,0
484,0,143,43,1.1706285387176374,1.2059956030910373,1.1734797551414964,1.2038433436391598,-0.7047596748468269,-0.3265755689995085,-0.7953751757300029,0.4110542570321455,0
343,0,131,32,0.5473406940503807,1.178894095443022,0.5505470837779669,1.1788437927856632,-0.7035229103772669,-0.3255607319750511,-0.7953751757300029,1.026535877391581,0
184,1,102,16,-0.8034443307894137,-1.6807046229810878,-0.8072995677708353,-1.6814419569253884,-0.0279064127822035,-0.2782407139322493,3.43474679344106,-1.4309435977952918,0
194,0,170,17,-0.2324821411999225,1.4992468802832004,-0.2276684191193373,1.501290626080587,-0.6526766280715747,-0.3052358642430475,0.6279948759555264,2.0906662450877773,0
261,0,81,23,-0.5030949325259572,-1.0723664545336733,-0.5059066791266729,-1.0722745589956504,0.1170615004707084,-0.1303155701502183,-0.4759486608595512,-0.8346563768519184,0
334,0,72,31,0.5346270170016565,1.5800561324613056,0.5393300264877015,1.579748540064917,-0.6947420073559338,-0.3265197319914376,-0.7857872520706147,1.146502314453332,0
548,0,60,47,1.2690162393765994,-0.5308534225201588,1.2644953290139611,-0.5350046587949502,2.968028389718932,-0.3043026641889565,0.5701801582985114,-0.051105264614336,0
494,0,167,44,1.1630251935624816,0.5970383461861972,1.163367591723325,0.5948315876204595,-0.6237331366854059,-0.2800720727478317,-0.426087548573559,0.6713084263160265,0
70,0,31,6,-1.503815316802591,-0.7703095544588308,-1.5036655255844864,-0.7672171926777784,0.7036680886274036,1.802756090648467,-0.3865853930561529,-0.452502810114696,0
290,1,130,26,0.0893168393086895,0.9980692821193788,0.0922489465848581,0.9994486570504474,-0.68785102889548,-0.2963949177411608,-0.6793577379215594,0.5874937587422008,0
18,0,64,2,-1.6361591011381216,-0.9602167596225906,-1.636169416947881,-0.957301021352069,0.5748740366893704,0.6424371833836574,-0.6841026601086599,-0.4450913276209028,0
188,0,103,16,-0.8630142266190046,-1.638125903897428,-0.8665927051338254,-1.6386058770015757,-0.2475514361522484,-0.1607967221478968,0.2885488041053938,-1.5649124904547658,0
202,0,121,18,-0.3505031845256487,1.375232537170393,-0.3460130448356922,1.3777007436253998,-0.6838062967547921,0.0204586749144214,-0.4106480600164622,1.480988192388156,0
493,0,167,44,1.1630251935624816,0.5970383461861972,1.163367591723325,0.5948315876204595,-0.6237331366854059,-0.2800720727478317,-0.426087548573559,0.6713084263160265,0
585,0,201,50,1.5990469977461983,0.4418437949999811,1.59820667565492,0.4379277260376681,-0.6543376122313019,-0.3264851858125858,-0.4668437237558073,0.0830001695991918,0
223,0,153,19,-0.5499235278911839,0.8282423931570644,-0.5469440651211603,0.8313489287675275,-0.5347959424686121,0.0999675239201607,-0.7953751757300029,1.191903241700018,0
253,0,78,23,-0.4952429766300305,-1.0442671219601602,-0.4979872153594077,-1.0441271348832373,0.0699219299757215,-0.1648505777447715,-0.1412403176155325,-0.9100140082869426,0
135,0,146,11,-0.7999637804186601,0.8646739280281669,-0.7966364622903745,0.8684096877696678,-0.656538662999031,-0.3244538288564291,-0.4688760046206938,0.4081726465617565,0
342,0,131,32,0.5473406940503807,1.178894095443022,0.5505470837779669,1.1788437927856632,-0.7035229103772669,-0.3255607319750511,-0.7953751757300029,1.026535877391581,0
518,0,198,45,1.2100264352754673,0.4270075222026129,1.2096075150340335,0.4245040605729875,-0.6121023711862981,-0.3221125359434691,-0.0126324819714981,0.5751542929975861,0
233,0,5,21,-0.3133082553651826,-0.3162992133572364,-0.3141640635687329,-0.3150766141395434,0.3226011725942307,0.0077822172179087,1.6571738410853143,-0.2762716627319577,0
402,0,105,37,0.8275733398733586,1.6211927396088437,0.8322955927084144,1.619882538147446,-0.6990166985943488,-0.326460583634905,-0.7940893010318869,0.7500674734377103,0
421,1,163,39,0.8177186863434668,0.5970383461861972,0.8184538896426827,0.5960157715994647,-0.6640922833211451,-0.3256775259151399,-0.3638301342379466,0.802432021763033,0
382,0,49,36,0.4837032502676698,-0.6955965027379652,0.4800596547307784,-0.6974532460727254,3.344066736667186,-0.1553707396876551,-0.7570084067954833,-0.898086732378158,0
441,0,17,41,1.0541336891060715,-0.3228032838570154,1.0508644732154662,-0.3257967374846133,1.166837435819983,-0.2317954116417001,-0.0673584284483054,0.2649725562767235,0
447,0,18,41,0.964806468777324,-0.3592930858770521,0.9615475945709566,-0.3620465874891445,1.309996175954017,-0.2602358209758577,0.3665108913569581,0.0254251220947839,0
351,0,133,32,0.4983160371417,1.2268698091967107,0.5017358808327002,1.226955562823525,-0.7015572596503048,-0.3253672512135354,-0.7532648246191009,1.0984337403815694,0
492,0,167,44,1.1630251935624816,0.5970383461861972,1.163367591723325,0.5948315876204595,-0.6237331366854059,-0.2800720727478317,-0.426087548573559,0.6713084263160265,0
337,0,83,31,0.4528409891428773,1.4788315279753834,0.4572137722861693,1.4788868419624728,-0.6929793464676696,-0.3265542068854832,-0.7419137134170051,1.3431334408581197,0
362,1,161,33,0.3658272298740577,0.4986833987852839,0.3667220263133178,0.4990376987899531,-0.5603175572606299,-0.2234056195246548,-0.0738338093051822,0.7951803936485563,0
543,0,25,46,1.1262998624679126,-0.2308285892643959,1.1232823815922397,-0.2339103619109097,0.1802863579957155,-0.3112624659039015,-0.2458122443892218,0.2841546365855997,0
349,0,133,32,0.4983160371417,1.2268698091967107,0.5017358808327002,1.226955562823525,-0.7015572596503048,-0.3253672512135354,-0.7532648246191009,1.0984337403815694,0
238,0,6,21,-0.3735687365857967,-0.3812088172699244,-0.37452132959426,-0.3799455829981872,0.2444876459094875,-0.1836005140948116,-0.646747858355578,-0.350782144206137,0
81,0,70,7,-1.2157652443532412,-1.0714341801507263,-1.2169723945429105,-1.0696484645890014,0.4234713310075647,-0.0227540719850014,0.4979384271517212,-1.0186642228053862,0
200,0,192,17,-0.2842415162570515,1.4789684557753784,-0.2794642604916135,1.4811723915228343,-0.6542802363815585,-0.3166597722320019,0.4461618474504692,1.987631239991008,0
576,0,174,49,1.656344867639328,0.5242044100184592,1.6558007401503438,0.5201376823711616,-0.69249430473449,-0.3265936266974845,1.0029002598254624,-0.1996677136696651,0
317,0,11,29,0.1224787497855854,-0.1570113949583935,0.1214107687441227,-0.1567371787087922,0.1451282034618924,-0.2604390663214516,-0.5262930780039325,-0.1511984193959934,0
113,0,106,9,-0.8008270121574398,1.6102457990028332,-0.7953974326290626,1.6136307105623384,-0.6986283951636274,-0.3261007205396635,0.9336599919378108,1.0618119021667958,0
273,0,10,25,-0.1530233861088841,1.453558152125178,-0.1484005182862055,1.4554253441464482,-0.6650625802963658,-0.3009533511366623,-0.7940821665992129,1.9185108342864257,0
33,0,84,3,-1.574303367664247,-1.634753692652862,-1.5760064955954791,-1.6336822009867795,-0.3362512602580657,0.4774279372897312,1.447433515126052,-1.5006109162525407,0
528,0,22,46,1.156948042121484,-0.2788043030180849,1.153680542584994,-0.2820777244062793,0.4358153902621601,-0.1869518715225021,0.0563648441008658,0.368688602583838,0
203,1,122,18,-0.4170134635350144,1.3270965887571349,-0.4126302842083185,1.329773706055486,-0.6902557859534494,1.3364127678396047,-0.7686992841024481,1.2257221687627933,0
577,0,174,49,1.656344867639328,0.5242044100184592,1.6558007401503438,0.5201376823711616,-0.69249430473449,-0.3265936266974845,1.0029002598254624,-0.1996677136696651,0
148,0,176,12,-0.6766528529977041,0.2088990169547049,-0.6753482406832458,0.2118587945367612,-0.5002300403733813,0.1988254240288973,1.9350424221532927,0.1199484535746832,0
483,0,143,43,1.1706285387176374,1.2059956030910373,1.1734797551414964,1.2038433436391598,-0.7047596748468269,-0.3265755689995085,-0.7953751757300029,0.4110542570321455,0
527,0,22,46,1.156948042121484,-0.2788043030180849,1.153680542584994,-0.2820777244062793,0.4358153902621601,-0.1869518715225021,0.0563648441008658,0.368688602583838,0
80,0,69,7,-1.2460543196034848,-1.0735973480549084,-1.2471988817467334,-1.0717514218701414,-0.3114840384383526,-0.2442990178521252,-0.2019034849106674,-1.1599331224335496,0
468,0,57,42,0.8761767396935144,-0.6454649044737112,0.8719462237375597,-0.6484894919189845,3.369144481305135,-0.0424572350644039,-0.5511285574861492,-0.5022335382060554,0
16,0,63,2,-1.644763795110261,-0.9630791333139828,-1.6447618974767968,-0.9601535796578374,0.98909205366348,0.689010044449302,-0.6843624892907836,-0.4192815327557389,0
279,0,43,25,-0.1862474492709721,1.5689926575574258,-0.1812334163725038,1.5708361611214676,-0.6338094427592221,-0.2748290822885786,-0.5741283953549781,2.3368454921041324,0
541,0,25,46,1.1262998624679126,-0.2308285892643959,1.1232823815922397,-0.2339103619109097,0.1802863579957155,-0.3112624659039015,-0.2458122443892218,0.2841546365855997,0
371,0,188,34,0.5519676161702322,0.2685937110377829,0.5517816294447327,0.2681464062410935,-0.1731016521589504,0.3676592129073362,-0.2841188684150137,0.8589141330844996,0
491,1,167,44,1.1630251935624816,0.5970383461861972,1.163367591723325,0.5948315876204595,-0.6237331366854059,-0.2800720727478317,-0.426087548573559,0.6713084263160265,0
407,0,117,37,0.8178498975677634,1.5044035229638764,0.8221217827954735,1.5032555192476935,-0.6972441570038722,-0.3264955042148608,-0.6745481061598447,0.8590041572420645,0
20,0,64,2,-1.6361591011381216,-0.9602167596225906,-1.636169416947881,-0.957301021352069,0.5748740366893704,0.6424371833836574,-0.6841026601086599,-0.4450913276209028,0
84,1,71,7,-1.220544095259117,-1.085840732724705,-1.2217771926812722,-1.084079882509334,-0.3114817269487935,-0.1034644531331229,0.4343994233723377,-1.1113868047098272,0
46,0,114,4,-1.4022302057831986,-1.8442022428904257,-1.4048927460567195,-1.844048231159826,-0.6094351980593707,-0.2862383384143244,0.3158717621268734,-1.5101887666823697,0
530,0,23,46,1.1712845948391108,-0.214149617881984,1.1682601487083215,-0.2173610197540764,0.0001851927620284,-0.2869157370503473,0.4444460645835988,0.3647088916884014,0
436,0,193,40,0.6974670522047393,0.2900724388136488,0.6971659008325439,0.2891802033403162,-0.3280494703086002,0.1686412764353267,0.0878210257021896,0.9546450317405794,0
454,0,20,41,1.0015801408492702,-0.3978659384714861,0.998100584182807,-0.4008177795367502,1.8590624736289711,-0.2858143684658794,-0.1867587892361238,0.1162314202962682,0
276,1,21,25,-0.1148547315470765,1.40835741133948,-0.1104014093547809,1.4101560296937037,-0.6789245147888094,-0.3259289650125794,-0.5804601358172597,1.6654782563248054,0
126,1,118,10,-0.9168246402874708,1.2271757117286153,-0.9123915651810084,1.2311494492447883,-0.6748980988082829,-0.3256509104957539,-0.3906013964823038,0.3418385282738638,0
480,0,142,43,1.1449042329020531,1.2089380941122136,1.1477863903026655,1.2068753418432192,-0.7043200555664365,-0.3262859797957674,-0.7953751757300029,0.4155347253786087,0
109,0,97,8,-1.4491900123727195,-1.726284100234858,-1.4514404593229235,-1.725711175120107,-0.5772425277346982,-0.0987216430715877,-0.4172596169125828,-1.5433675082474538,0
105,0,95,8,-1.3970300977887982,-1.7570127379040266,-1.3994951995433078,-1.756630627034811,-0.5746563454282532,-0.192477420623436,4.984846988947978,-1.5183577707467355,0
265,1,104,24,-0.3418777729917793,-1.3541048714358024,-0.3459349305114011,-1.3551454512369232,2.486761944347378,0.2306386046893065,-0.4154817468966891,-0.958144583971618,0
204,0,122,18,-0.4170134635350144,1.3270965887571349,-0.4126302842083185,1.329773706055486,-0.6902557859534494,1.3364127678396047,-0.7686992841024481,1.2257221687627933,0
355,0,158,33,0.2976940751957871,0.4963745630087666,0.2986625409721548,0.4969351294645171,-0.4557055354900963,-0.2560478997431316,-0.4798497083714242,0.7910489057375176,0
278,1,43,25,-0.1862474492709721,1.5689926575574258,-0.1812334163725038,1.5708361611214676,-0.6338094427592221,-0.2748290822885786,-0.5741283953549781,2.3368454921041324,0
271,0,203,25,-0.1932983261133112,1.5593858613769014,-0.1883117996652491,1.5612594987035564,-0.6372175083455708,-0.2963306127082507,-0.3071506900176425,2.300128986719868,0
284,0,127,26,0.035029921720421,1.0850257185100411,0.0383027746044123,1.0865538503635876,-0.6940502616025518,-0.3241321520638068,-0.3943982678550559,0.7036880957567719,0
450,0,19,41,0.9932171517639892,-0.3485646470795443,0.9899509902370572,-0.3513954456559266,1.3507626320394737,-0.2062440903813379,-0.1272294188043087,0.1065217564850431,0
54,0,0,5,-1.4179548351367768,-0.3393074537926248,-1.416940403584001,-0.3355076545929683,2.091091845998888,-0.1527634437530294,0.2454708912020377,-0.2393351823299742,0
335,0,72,31,0.5346270170016565,1.5800561324613056,0.5393300264877015,1.579748540064917,-0.6947420073559338,-0.3265197319914376,-0.7857872520706147,1.146502314453332,0
411,0,139,38,1.0223184201416702,1.0926150146587197,1.024820878522078,1.091014451279814,-0.7021230104749745,-0.3262553141143205,-0.7953751757300029,0.4930969295523375,0
540,0,25,46,1.1262998624679126,-0.2308285892643959,1.1232823815922397,-0.2339103619109097,0.1802863579957155,-0.3112624659039015,-0.2458122443892218,0.2841546365855997,0
572,0,173,49,1.6832707920352898,0.5356903217521114,1.6827461216900297,0.531529329410368,-0.7084977908305423,-0.3265876914861891,0.5973267036650699,-0.529529733949627,0
63,0,29,6,-1.4426708862814697,-0.7361140214280779,-1.4425641842825223,-0.7330696124745444,0.5360556630488197,0.1556103645805457,-0.7009497202463745,-0.1860205119982924,0
561,0,145,48,1.658969092125212,0.9584476208441296,1.6603588807223797,0.9545462238005358,-0.6922870471433958,-0.3265953585245532,0.9788987302931516,0.0769873514773214,0
39,0,112,4,-1.4234864241188678,-1.856868064389995,-1.426120778496475,-1.856705132073892,-0.6131852898867299,-0.2575843744983292,0.7064520985326256,-1.693658122926565,0
65,0,30,6,-1.4974964604747374,-0.7835216304796584,-1.4973907876897474,-0.7804715198563976,0.7288083631239594,0.0434938393816794,0.3509186645782241,-0.3561870309273677,0
107,0,96,8,-1.4098335509383544,-1.769656709222746,-1.4122946296045231,-1.7692827190403235,-0.5818848389326903,-0.1658275432663803,0.8503970952194557,-1.4871636089892226,0
487,0,166,44,1.1577353094672491,0.5772493657294225,1.1580020458801834,0.575048337857344,-0.6240481721258854,-0.3242045359601141,-0.3001146107895514,0.6332873742396613,0
118,0,137,9,-0.7210920229099931,1.6275875592043716,-0.7156492936344083,1.630757155293079,-0.6788653869415378,-0.3261068638523249,0.3913817462098522,1.3547334975493237,0
125,0,118,10,-0.9168246402874708,1.2271757117286153,-0.9123915651810084,1.2311494492447883,-0.6748980988082829,-0.3256509104957539,-0.3906013964823038,0.3418385282738638,0
505,0,169,44,1.3169566772213743,0.861971788996344,1.3182452966476852,0.8593282571324699,-0.6677999997757804,-0.3265945478118512,-0.6420872486399943,0.5869934841543306,0
470,0,58,42,0.8665914144661234,-0.6821659249086344,0.8622351689674013,-0.6852369019012793,3.312851893706001,-0.0619294575826034,-0.6826246867721638,-0.547827140129821,0
22,0,65,2,-1.6912332860721575,-0.8909371195398383,-1.690969353938318,-0.8877532814396843,-0.0159696700712443,-0.3263554916187758,-0.7604831185521281,-3.364040672124071,0
446,0,18,41,0.964806468777324,-0.3592930858770521,0.9615475945709566,-0.3620465874891445,1.309996175954017,-0.2602358209758577,0.3665108913569581,0.0254251220947839,0
270,0,203,25,-0.1932983261133112,1.5593858613769014,-0.1883117996652491,1.5612594987035564,-0.6372175083455708,-0.2963306127082507,-0.3071506900176425,2.300128986719868,0
32,0,84,3,-1.574303367664247,-1.634753692652862,-1.5760064955954791,-1.6336822009867795,-0.3362512602580657,0.4774279372897312,1.447433515126052,-1.5006109162525407,0
222,0,153,19,-0.5499235278911839,0.8282423931570644,-0.5469440651211603,0.8313489287675275,-0.5347959424686121,0.0999675239201607,-0.7953751757300029,1.191903241700018,0
64,1,29,6,-1.4426708862814697,-0.7361140214280779,-1.4425641842825223,-0.7330696124745444,0.5360556630488197,0.1556103645805457,-0.7009497202463745,-0.1860205119982924,0
116,0,126,9,-0.7965453827331012,1.6320231459169865,-0.7910563726898329,1.635370944613569,-0.6906961912922814,-0.3263913983169011,0.7210290085408576,1.053683439528064,0
272,0,10,25,-0.1530233861088841,1.453558152125178,-0.1484005182862055,1.4554253441464482,-0.6650625802963658,-0.3009533511366623,-0.7940821665992129,1.9185108342864257,0
510,0,195,45,1.1588264343850674,0.481997144009255,1.1586986463495998,0.4797217528541429,-0.5929081186914987,-0.3236937661108253,0.5918657402388964,0.5980778911645184,0
208,0,123,18,-0.3834648252391484,1.3209858215126618,-0.3791223140151788,1.3235782428233025,-0.6943380806466541,0.0649106119493577,-0.6787182162851674,1.2023678778742009,0
462,0,55,42,0.8211854250064003,-0.4464024735336667,0.817841099992495,-0.4488374755343992,1.3472145228392742,-0.2457862571623779,0.0774901023984962,-0.172286908021935,0
23,0,66,2,-1.6922484465969612,-0.8917674264121505,-1.6919842089027888,-0.8885835874811755,-0.0722547411137742,-0.3088288525222444,-0.3443257192941831,-2.552547633583364,0
211,0,124,18,-0.3671531983031987,1.33990807812904,-0.3627625397404028,1.3424451087059603,-0.6894713091117178,0.027289764575334,-0.4998698407721537,1.2917434664663432,0
213,1,150,19,-0.5477343722016424,0.8255985212741753,-0.5447649590359451,0.8286987483836623,-0.5347959424686121,0.0999675239201607,-0.7953751757300029,1.191903241700018,0
100,0,92,8,-1.4127961622658411,-1.7457598947661113,-1.41519140331613,-1.7453145624439628,-0.5398685880159018,-0.086173245889428,0.4870056478653331,-1.4505570288763914,0
544,0,25,46,1.1262998624679126,-0.2308285892643959,1.1232823815922397,-0.2339103619109097,0.1802863579957155,-0.3112624659039015,-0.2458122443892218,0.2841546365855997,0
333,0,54,31,0.5264366742641319,1.5622409516746767,0.531077710943261,1.5619794061652472,-0.6958231493454047,-0.3265351752711704,-0.7872261536499274,1.1249938037579854,0
44,0,114,4,-1.4022302057831986,-1.8442022428904257,-1.4048927460567195,-1.844048231159826,-0.6094351980593707,-0.2862383384143244,0.3158717621268734,-1.5101887666823697,0
513,0,196,45,1.15152694680196,0.4262500492664685,1.1511781072463878,0.4239528461797743,-0.5925587088716847,-0.3224270582160177,0.1629729479761052,0.6487445568426211,0
299,0,157,27,0.1109390679016039,0.5239786248163391,0.1122268830523273,0.525117333893218,-0.3470884828549652,0.3962146571325883,-0.7819419680026717,0.6165764510335295,0
330,0,54,31,0.5264366742641319,1.5622409516746767,0.531077710943261,1.5619794061652472,-0.6958231493454047,-0.3265351752711704,-0.7872261536499274,1.1249938037579854,0
121,0,148,9,-0.750428090320625,1.640573850023079,-0.7449352185382779,1.643798940536544,-0.6871565909517472,-0.3259060204396408,0.41684198841921,1.1914486888639164,0
531,1,23,46,1.1712845948391108,-0.214149617881984,1.1682601487083215,-0.2173610197540764,0.0001851927620284,-0.2869157370503473,0.4444460645835988,0.3647088916884014,0
260,0,81,23,-0.5030949325259572,-1.0723664545336733,-0.5059066791266729,-1.0722745589956504,0.1170615004707084,-0.1303155701502183,-0.4759486608595512,-0.8346563768519184,0
140,0,147,11,-0.7941421455723434,0.8865605258465723,-0.7907585639249181,0.8902864059299308,-0.6433720738860269,-0.3199519625251079,-0.4689182903619358,0.5256615375373384,0
466,0,56,42,0.7823745260309393,-0.492338837074659,0.7789230089254426,-0.4947353764748645,1.6456284235666514,0.2675458288146755,0.1905146321239251,-0.2370559366294354,0
36,0,85,3,-1.558964084958858,-1.6794445958853856,-1.5608111727794294,-1.6785241992182414,-0.5147405774738194,-0.0327918332136639,2.3130317383176737,-2.0413286737791894,0
292,1,154,27,0.1288873822142759,0.51745270413571,0.1301314768902498,0.5185338249956036,-0.3938581467250757,-0.0243619969811197,0.1137771421144058,0.6394813837695222,0
220,1,152,19,-0.5771049688818266,0.8574779351347945,-0.5740120387043586,0.8606608161757343,-0.5595369644288058,-0.091029460032431,-0.7119488681061703,1.0329338892701154,0
419,0,163,39,0.8177186863434668,0.5970383461861972,0.8184538896426827,0.5960157715994647,-0.6640922833211451,-0.3256775259151399,-0.3638301342379466,0.802432021763033,0
416,0,162,39,1.0326426717374542,0.7565956501488605,1.0337786122174544,0.7549257888587803,-0.6592390903142203,-0.326330679545472,-0.6257392461640193,0.7480692811580256,0
160,0,36,14,-0.6446649376855459,-0.5629367714020473,-0.6456654306429468,-0.5613341270498081,-0.2856024948314011,-0.3013815712755065,-0.0730010481380184,-1.0877264344637552,0
324,0,45,30,0.213857008725668,-0.6615029372178471,0.2108722147497649,-0.6624600951142243,2.678217029839438,-0.2912744749072715,-0.6788630506618762,-0.786422007713528,0
175,0,76,15,-0.9385849859585844,-1.3129733626637958,-0.941075619745072,-1.3124173274772772,-0.4317177206194646,0.0032607972044403,1.4430736305739251,-1.1810582505417548,0
15,0,63,2,-1.644763795110261,-0.9630791333139828,-1.6447618974767968,-0.9601535796578374,0.98909205366348,0.689010044449302,-0.6843624892907836,-0.4192815327557389,0
176,0,77,15,-0.93932391232698,-1.3120483716744653,-0.941810236698542,-1.3114882370107532,-0.4317177206194646,0.0032607972044403,1.4430736305739251,-1.1810582505417548,0
255,0,78,23,-0.4952429766300305,-1.0442671219601602,-0.4979872153594077,-1.0441271348832373,0.0699219299757215,-0.1648505777447715,-0.1412403176155325,-0.9100140082869426,0
578,0,199,50,1.5940264419534669,0.4430819719148327,1.5931978299625076,0.4391859264882792,-0.6555705207589418,-0.325457471221877,-0.2792859812286789,0.0830001695991918,0
496,1,168,44,1.3768580540386557,0.8529403809115444,1.3780504801876463,0.8500772710579624,-0.6439602409120488,-0.3265869820018752,-0.6116348258812866,0.6002761452560629,0
391,0,51,36,0.57995013621446,-0.5071314095103265,0.5768204493680223,-0.5088994096320659,2.1170354472406654,0.5072258482814985,0.1520533236879286,-0.4752514767879925,0
212,0,150,19,-0.5477343722016424,0.8255985212741753,-0.5447649590359451,0.8286987483836623,-0.5347959424686121,0.0999675239201607,-0.7953751757300029,1.191903241700018,0
390,0,51,36,0.57995013621446,-0.5071314095103265,0.5768204493680223,-0.5088994096320659,2.1170354472406654,0.5072258482814985,0.1520533236879286,-0.4752514767879925,0
426,0,165,39,0.8558182823661699,0.8386503626354341,0.8574586071249574,0.8376083785512576,-0.6837682351522216,-0.3241157431472135,-0.6775474909909692,0.785017565133517,0
472,0,59,42,0.9620234096515036,-0.5848525027949197,0.957866702347348,-0.5880405153099411,2.983835301536544,-0.2909813292553954,-0.0989029830981033,-0.2375876287595036,0
512,0,196,45,1.15152694680196,0.4262500492664685,1.1511781072463878,0.4239528461797743,-0.5925587088716847,-0.3224270582160177,0.1629729479761052,0.6487445568426211,0
573,0,173,49,1.6832707920352898,0.5356903217521114,1.6827461216900297,0.531529329410368,-0.7084977908305423,-0.3265876914861891,0.5973267036650699,-0.529529733949627,0
410,0,138,38,1.0018218457361263,1.0864314134780784,1.004315991544623,1.0849025868803632,-0.7005358380550407,-0.3263876990183734,-0.7953751757300029,0.5937730701607127,0
227,0,179,20,-0.3386251158000643,0.24415064205989,-0.3376811263556677,0.2462811238644851,-0.2568175247696983,4.153779731089792,-0.5681082394425632,0.1568972970047219,0
583,0,200,50,1.6173267930465631,0.3924114025229373,1.6162445166527355,0.3883814764129487,-0.6482278564759569,-0.3264542190670813,-0.7953751757300029,0.0943505624160212,0
345,0,132,32,0.5409596850373349,1.2461635188875446,0.5444205844414487,1.2461055052755858,-0.7065532451156009,-0.3255088723323893,-0.7636161668155121,0.9843080055348364,0
514,0,196,45,1.15152694680196,0.4262500492664685,1.1511781072463878,0.4239528461797743,-0.5925587088716847,-0.3224270582160177,0.1629729479761052,0.6487445568426211,0
311,0,9,29,0.1192951511329725,-0.1351539307144555,0.1183075460942224,-0.1348346852302835,0.0443986452557686,-0.0042963164513397,-0.1143400451741374,-0.1905145806570422,0
112,1,106,9,-0.8008270121574398,1.6102457990028332,-0.7953974326290626,1.6136307105623384,-0.6986283951636274,-0.3261007205396635,0.9336599919378108,1.0618119021667958,1
119,0,137,9,-0.7210920229099931,1.6275875592043716,-0.7156492936344083,1.630757155293079,-0.6788653869415378,-0.3261068638523249,0.3913817462098522,1.3547334975493237,1
191,1,159,17,-0.2177588606633256,1.5036679002085822,-0.2129388300348049,1.5056669772818143,-0.6527488696452608,-0.2944582527699186,0.057388725350208,2.1021003783890038,1
192,0,170,17,-0.2324821411999225,1.4992468802832004,-0.2276684191193373,1.501290626080587,-0.6526766280715747,-0.3052358642430475,0.6279948759555264,2.0906662450877773,1
280,0,43,25,-0.1862474492709721,1.5689926575574258,-0.1812334163725038,1.5708361611214676,-0.6338094427592221,-0.2748290822885786,-0.5741283953549781,2.3368454921041324,1
339,0,83,31,0.4528409891428773,1.4788315279753834,0.4572137722861693,1.4788868419624728,-0.6929793464676696,-0.3265542068854832,-0.7419137134170051,1.3431334408581197,1
401,1,105,37,0.8275733398733586,1.6211927396088437,0.8322955927084144,1.619882538147446,-0.6990166985943488,-0.326460583634905,-0.7940893010318869,0.7500674734377103,1
403,0,116,37,0.8277045510976503,1.4800187211349178,0.8318760559287544,1.4788613832092428,-0.6991029833215222,-0.3252785400180986,-0.7303161802957717,0.7880468993750198,1
405,0,117,37,0.8178498975677634,1.5044035229638764,0.8221217827954735,1.5032555192476935,-0.6972441570038722,-0.3264955042148608,-0.6745481061598447,0.8590041572420645,1
124,0,118,10,-0.9168246402874708,1.2271757117286153,-0.9123915651810084,1.2311494492447883,-0.6748980988082829,-0.3256509104957539,-0.3906013964823038,0.3418385282738638,1
133,0,120,10,-0.8200114743200417,1.239710432143083,-0.8156123574273672,1.2434488465794415,-0.6746271308808048,-0.3176721320623223,-0.7953751757300029,1.0260281107553135,1
207,0,123,18,-0.3834648252391484,1.3209858215126618,-0.3791223140151788,1.3235782428233025,-0.6943380806466541,0.0649106119493577,-0.6787182162851674,1.2023678778742009,1
283,0,127,26,0.035029921720421,1.0850257185100411,0.0383027746044123,1.0865538503635876,-0.6940502616025518,-0.3241321520638068,-0.3943982678550559,0.7036880957567719,1
286,0,128,26,0.0468044026373511,1.1029720003817718,0.0501284450506892,1.1044626018089647,-0.6989284444064285,-0.1599901147981953,-0.7930309767541162,0.6975701834014406,1
287,0,129,26,0.0807881097295644,0.9931748416089068,0.083710946210371,0.9945791687449508,-0.6885933902822222,-0.2626265149840753,-0.7044761611693806,0.5816694317957399,1
344,0,132,32,0.5409596850373349,1.2461635188875446,0.5444205844414487,1.2461055052755858,-0.7065532451156009,-0.3255088723323893,-0.7636161668155121,0.9843080055348364,1
348,0,132,32,0.5409596850373349,1.2461635188875446,0.5444205844414487,1.2461055052755858,-0.7065532451156009,-0.3255088723323893,-0.7636161668155121,0.9843080055348364,1
409,0,136,38,1.0112897714470406,1.0913841211374846,1.013796177275765,1.0898217960569363,-0.7020163186827881,-0.3264538226322362,-0.7953751757300029,0.5225506472546574,1
476,0,141,43,1.2568412189328717,1.2089380941122136,1.25964163196553,1.206477890707106,-0.7021086425531641,-0.3265917349866179,-0.7953751757300029,0.3768434535124795,1
479,1,142,43,1.1449042329020531,1.2089380941122136,1.1477863903026655,1.2068753418432192,-0.7043200555664365,-0.3262859797957674,-0.7953751757300029,0.4155347253786087,1
559,1,144,48,1.709416354939399,0.9915506448323664,1.7109095431654175,0.9874567170970878,-0.5877821812412253,-0.3265815961658821,1.0189016271059017,0.5840154067265899,1
137,0,146,11,-0.7999637804186601,0.8646739280281669,-0.7966364622903745,0.8684096877696678,-0.656538662999031,-0.3244538288564291,-0.4688760046206938,0.4081726465617565,1
141,0,149,11,-0.8355220222024038,0.8385920954864998,-0.8322336851655225,0.8424071868567778,-0.6719692633887735,-0.3251573090729686,-0.7953751757300029,0.2073010956289944,1
142,0,149,11,-0.8355220222024038,0.8385920954864998,-0.8322336851655225,0.8424071868567778,-0.6719692633887735,-0.3251573090729686,-0.7953751757300029,0.2073010956289944,1
214,0,150,19,-0.5477343722016424,0.8255985212741753,-0.5447649590359451,0.8286987483836623,-0.5347959424686121,0.0999675239201607,-0.7953751757300029,1.191903241700018,1
217,0,151,19,-0.5718219906405042,0.8423794601672221,-0.5687790269294711,0.8455454063611075,-0.5986600572518698,-0.239191543641091,-0.701706027605896,1.0804593056460807,1
219,0,152,19,-0.5771049688818266,0.8574779351347945,-0.5740120387043586,0.8606608161757343,-0.5595369644288058,-0.091029460032431,-0.7119488681061703,1.0329338892701154,1
291,0,154,27,0.1288873822142759,0.51745270413571,0.1301314768902498,0.5185338249956036,-0.3938581467250757,-0.0243619969811197,0.1137771421144058,0.6394813837695222,1
298,0,156,27,0.1165051861532446,0.5082319278168741,0.1177323385629139,0.509342311718358,-0.3708282146243212,-0.1487887943059588,-0.0688176628875778,0.6372244292315542,1
301,0,157,27,0.1109390679016039,0.5239786248163391,0.1122268830523273,0.525117333893218,-0.3470884828549652,0.3962146571325883,-0.7819419680026717,0.6165764510335295,1
354,0,158,33,0.2976940751957871,0.4963745630087666,0.2986625409721548,0.4969351294645171,-0.4557055354900963,-0.2560478997431316,-0.4798497083714242,0.7910489057375176,1
356,0,158,33,0.2976940751957871,0.4963745630087666,0.2986625409721548,0.4969351294645171,-0.4557055354900963,-0.2560478997431316,-0.4798497083714242,0.7910489057375176,1
359,0,160,33,0.3460419584212621,0.4913854383812766,0.3469343548457762,0.4917946436181018,-0.5100178305026074,-0.2784841348103301,-0.5650028799064419,0.7612793595140759,1
413,0,162,39,1.0326426717374542,0.7565956501488605,1.0337786122174544,0.7549257888587803,-0.6592390903142203,-0.326330679545472,-0.6257392461640193,0.7480692811580256,1
420,0,163,39,0.8177186863434668,0.5970383461861972,0.8184538896426827,0.5960157715994647,-0.6640922833211451,-0.3256775259151399,-0.3638301342379466,0.802432021763033,1
422,0,164,39,0.9594060910195322,0.6989985734274136,0.9603874814631737,0.6975552688425037,-0.6545734297321049,-0.3260325191711196,-0.2939807450600892,0.8219658491090083,1
428,0,165,39,0.8558182823661699,0.8386503626354341,0.8574586071249574,0.8376083785512576,-0.6837682351522216,-0.3241157431472135,-0.6775474909909692,0.785017565133517,1
429,0,165,39,0.8558182823661699,0.8386503626354341,0.8574586071249574,0.8376083785512576,-0.6837682351522216,-0.3241157431472135,-0.6775474909909692,0.785017565133517,1
503,0,169,44,1.3169566772213743,0.861971788996344,1.3182452966476852,0.8593282571324699,-0.6677999997757804,-0.3265945478118512,-0.6420872486399943,0.5869934841543306,1
564,0,171,49,1.5933565741241733,0.8076012556471275,1.5941391649758354,0.803922708535424,-0.6790426990524323,-0.3265957762673416,-0.3073244020600493,0.095377019756495,1
567,0,172,49,1.604433563796175,0.7450296210854237,1.6049282680101389,0.7412872786741349,-0.6732658234481887,-0.3265945989526977,-0.4988055382011498,-0.0420845225260587,1
574,0,173,49,1.6832707920352898,0.5356903217521114,1.6827461216900297,0.531529329410368,-0.7084977908305423,-0.3265876914861891,0.5973267036650699,-0.529529733949627,1
146,0,175,12,-0.6707828771740126,0.2717037201121453,-0.6693036869283134,0.2747215599156443,-0.2666977981999774,-0.2674032233084598,-0.7953751757300029,0.2626989624832085,1
147,0,176,12,-0.6766528529977041,0.2088990169547049,-0.6753482406832458,0.2118587945367612,-0.5002300403733813,0.1988254240288973,1.9350424221532927,0.1199484535746832,1
228,0,179,20,-0.3386251158000643,0.24415064205989,-0.3376811263556677,0.2462811238644851,-0.2568175247696983,4.153779731089792,-0.5681082394425632,0.1568972970047219,1
232,0,180,20,-0.4017031854160486,0.2389648658047471,-0.4006887909963007,0.2412567782221791,-0.3608718771979735,0.0637769669695536,-0.4436513719790614,0.0097042212133074,1
306,0,183,28,-0.126712082710931,0.0777687982783095,-0.1266030953639011,0.0791106426916503,0.2048957381162181,-0.2262313134464115,-0.6022489229913364,0.1570418776826035,1
309,0,185,28,-0.1206073078542935,0.0591305940129854,-0.1205684547465396,0.0604296911537617,0.6409116682305327,-0.2568093022240478,0.7721584800817993,0.1568967375501732,1
310,0,185,28,-0.1206073078542935,0.0591305940129854,-0.1205684547465396,0.0604296911537617,0.6409116682305327,-0.2568093022240478,0.7721584800817993,0.1568967375501732,1
366,0,186,34,0.5121553683777897,0.256809180165843,0.5119797606516403,0.2564747442100867,-0.1954826472562913,-0.1517405109655933,0.3980249413660292,0.7868787263094245,1
368,0,187,34,0.543390545613735,0.2610772488252724,0.543188226866904,0.2606487639103326,-0.1100104995370981,1.0405448207516892,-0.1068237732071464,0.8746902131438351,1
373,0,189,34,0.3979601681183275,0.280829812313963,0.3980272608451323,0.2808789133205385,-0.2445062046084464,-0.2438549999543109,0.3161998735864098,0.7111209971825369,1
374,0,189,34,0.3979601681183275,0.280829812313963,0.3980272608451323,0.2808789133205385,-0.2445062046084464,-0.2438549999543109,0.3161998735864098,0.7111209971825369,1
433,0,191,40,0.6822120209170557,0.2853600831435962,0.6819133711055582,0.2845124081517936,-0.2839711201954815,1.5191068834587893,0.0534073739248376,0.969758985010971,1
434,0,193,40,0.6974670522047393,0.2900724388136488,0.6971659008325439,0.2891802033403162,-0.3280494703086002,0.1686412764353267,0.0878210257021896,0.9546450317405794,1
437,0,194,40,0.7123077322578104,0.3116895510682334,0.7120695118662309,0.3107720030718012,-0.3992924053228969,0.1167228044376889,-0.0157965643560473,0.9169895468576628,1
438,0,194,40,0.7123077322578104,0.3116895510682334,0.7120695118662309,0.3107720030718012,-0.3992924053228969,0.1167228044376889,-0.0157965643560473,0.9169895468576628,1
439,0,194,40,0.7123077322578104,0.3116895510682334,0.7120695118662309,0.3107720030718012,-0.3992924053228969,0.1167228044376889,-0.0157965643560473,0.9169895468576628,1
508,0,195,45,1.1588264343850674,0.481997144009255,1.1586986463495998,0.4797217528541429,-0.5929081186914987,-0.3236937661108253,0.5918657402388964,0.5980778911645184,1
511,0,196,45,1.15152694680196,0.4262500492664685,1.1511781072463878,0.4239528461797743,-0.5925587088716847,-0.3224270582160177,0.1629729479761052,0.6487445568426211,1
523,0,197,45,1.1835424855297578,0.1503113987013766,1.1820093550731112,0.1476015593211708,-0.4465436082796125,-0.2816038882442151,0.1632943279461191,0.5307796682134814,1
516,1,198,45,1.2100264352754673,0.4270075222026129,1.2096075150340335,0.4245040605729875,-0.6121023711862981,-0.3221125359434691,-0.0126324819714981,0.5751542929975861,1
520,0,198,45,1.2100264352754673,0.4270075222026129,1.2096075150340335,0.4245040605729875,-0.6121023711862981,-0.3221125359434691,-0.0126324819714981,0.5751542929975861,1
589,0,202,50,1.6044404696500825,0.3124543073979947,1.603020660762143,0.308393376075861,-0.6320010346719291,-0.325948044085808,0.2703133547340442,0.0575386153948282,1
52,0,0,5,-1.4179548351367768,-0.3393074537926248,-1.416940403584001,-0.3355076545929683,2.091091845998888,-0.1527634437530294,0.2454708912020377,-0.2393351823299742,1
56,0,0,5,-1.4179548351367768,-0.3393074537926248,-1.416940403584001,-0.3355076545929683,2.091091845998888,-0.1527634437530294,0.2454708912020377,-0.2393351823299742,1
151,1,1,13,-0.6509009237664776,-0.4180773557580334,-0.6514657158244453,-0.4161709251337622,-0.1838831349075038,-0.2097272985881902,-0.5153367839091583,-0.5559471819042554,1
152,0,2,13,-0.6813073985331929,-0.2577043117102912,-0.6813512449316982,-0.2554272245066368,-0.2760973539858105,-0.2799905130498551,-0.696598257710258,-0.3110115362463311,1
153,0,2,13,-0.6813073985331929,-0.2577043117102912,-0.6813512449316982,-0.2554272245066368,-0.2760973539858105,-0.2799905130498551,-0.696598257710258,-0.3110115362463311,1
159,0,4,13,-0.7520371542817076,-0.1434715662248111,-0.7516340565000819,-0.1408271446595449,-0.2481175212509323,0.0110411779727986,-0.7953751757300029,-0.081214264772777,1
241,0,7,21,-0.3958193978845373,-0.2653008912525863,-0.3963734383484218,-0.2637672868027507,-0.3112590810913794,-0.2298865675635167,-0.4304583446678655,-0.3921244091780964,1
321,0,12,29,0.1241568722857725,-0.1426776763205828,0.1231354757963581,-0.142384916993169,0.114587717657434,-0.0462689106339032,-0.4467765659131987,-0.1501755889461463,1
375,0,13,35,0.3352619204674059,-0.0972220167582975,0.3340594039729261,-0.0974886202791689,0.2277613755252908,2.1709816284748897,-0.583569491419221,0.1212048547751258,1
440,1,17,41,1.0541336891060715,-0.3228032838570154,1.0508644732154662,-0.3257967374846133,1.166837435819983,-0.2317954116417001,-0.0673584284483054,0.2649725562767235,1
443,0,17,41,1.0541336891060715,-0.3228032838570154,1.0508644732154662,-0.3257967374846133,1.166837435819983,-0.2317954116417001,-0.0673584284483054,0.2649725562767235,1
444,0,18,41,0.964806468777324,-0.3592930858770521,0.9615475945709566,-0.3620465874891445,1.309996175954017,-0.2602358209758577,0.3665108913569581,0.0254251220947839,1
448,0,18,41,0.964806468777324,-0.3592930858770521,0.9615475945709566,-0.3620465874891445,1.309996175954017,-0.2602358209758577,0.3665108913569581,0.0254251220947839,1
455,1,20,41,1.0015801408492702,-0.3978659384714861,0.998100584182807,-0.4008177795367502,1.8590624736289711,-0.2858143684658794,-0.1867587892361238,0.1162314202962682,1
458,0,20,41,1.0015801408492702,-0.3978659384714861,0.998100584182807,-0.4008177795367502,1.8590624736289711,-0.2858143684658794,-0.1867587892361238,0.1162314202962682,1
534,0,23,46,1.1712845948391108,-0.214149617881984,1.1682601487083215,-0.2173610197540764,0.0001851927620284,-0.2869157370503473,0.4444460645835988,0.3647088916884014,1
11,0,26,1,-1.507040350578666,-0.8236676960953155,-1.5070096006681684,-0.8206890471664705,-0.0234813544053814,-0.2193640820410066,0.5810069580121471,-0.0137153251248233,1
12,0,27,1,-1.5062116481094387,-0.7658739677462155,-1.5060465088408566,-0.7627669052532209,0.6429913592391328,0.7056215876574072,-0.2695730446676271,-0.4998846005845184,1
68,0,31,6,-1.503815316802591,-0.7703095544588308,-1.5036655255844864,-0.7672171926777784,0.7036680886274036,1.802756090648467,-0.3865853930561529,-0.452502810114696,1
75,0,34,6,-1.1773825083202174,-0.4808966257027073,-1.1771554444075571,-0.4778790423588081,0.9298119989106072,-0.1310478272006384,0.1335286146456392,-0.9515517817145512,1
161,0,36,14,-0.6446649376855459,-0.5629367714020473,-0.6456654306429468,-0.5613341270498081,-0.2856024948314011,-0.3013815712755065,-0.0730010481380184,-1.0877264344637552,1
246,0,40,22,-0.6301143034967054,-0.5588653543702707,-0.6311305953376495,-0.5572907304670507,-0.2196182985049941,-0.3031435840376016,-0.5557681263369205,-0.9803148591513102,1
247,0,40,22,-0.6301143034967054,-0.5588653543702707,-0.6311305953376495,-0.5572907304670507,-0.2196182985049941,-0.3031435840376016,-0.5557681263369205,-0.9803148591513102,1
249,0,41,22,-0.2624673588781155,-0.6823844267171375,-0.2645778117339559,-0.6820293133236623,1.36863724013647,-0.0872319079250868,-0.7730879876661809,-0.7668103618370973,1
250,0,42,22,-0.5658138977386087,-0.6016698586560504,-0.567080396761859,-0.6003461567658577,-0.071322376905783,0.1333584394361762,-0.1716380783526376,-0.6826122160029819,1
251,0,44,22,-0.2702226328192953,-0.6974610515038593,-0.2723656108869997,-0.6971175548857622,1.344495464533245,-0.3249041395484848,-0.7712617818528161,-0.7668103618370973,1
323,0,45,30,0.213857008725668,-0.6615029372178471,0.2108722147497649,-0.6624600951142243,2.678217029839438,-0.2912744749072715,-0.6788630506618762,-0.786422007713528,1
326,0,46,30,0.2353134968247335,-0.5870739378480357,0.2325481292707701,-0.5879383118899305,2.422028806765508,-0.2728791339257556,-0.3201224619242596,-0.6550053491279648,1
329,0,48,30,0.208574030484348,-0.6077005085707391,0.2057879757365493,-0.6085279635424257,2.4553414405683456,0.1318623781954251,-0.2676095432253416,-0.6644828639604068,1
384,0,50,36,0.4774603583328233,-0.8275715950739063,0.4733436009359614,-0.8297018988923975,3.5861497387475105,0.3005750994395527,-0.6023992462264613,-1.060080007203891,1
385,0,50,36,0.4774603583328233,-0.8275715950739063,0.4733436009359614,-0.8297018988923975,3.5861497387475105,0.3005750994395527,-0.6023992462264613,-1.060080007203891,1
386,0,50,36,0.4774603583328233,-0.8275715950739063,0.4733436009359614,-0.8297018988923975,3.5861497387475105,0.3005750994395527,-0.6023992462264613,-1.060080007203891,1
394,0,52,36,0.6079740913821475,-0.4962208858723994,0.6048329943149809,-0.4980567976310261,2.1773872157531864,-0.1446552187727124,-0.4506838202360191,-0.4283589349020403,1
395,0,53,36,0.5753991784876206,-0.5161628175951261,0.5722442000953422,-0.5179344219134445,3.2177909098495547,0.3603137840076119,0.1087940654058449,-0.5336032949539824,1
547,0,60,47,1.2690162393765994,-0.5308534225201588,1.2644953290139611,-0.5350046587949502,2.968028389718932,-0.3043026641889565,0.5701801582985114,-0.051105264614336,1
550,0,61,47,1.3229785818310873,-0.4326587097788145,1.318772317089744,-0.4368100441996834,2.3629143763272134,-0.3246684998604455,0.700189590667282,-0.0566811379246213,1
551,0,61,47,1.3229785818310873,-0.4326587097788145,1.318772317089744,-0.4368100441996834,2.3629143763272134,-0.3246684998604455,0.700189590667282,-0.0566811379246213,1
27,0,67,2,-1.5500016677541693,-0.8980092947417256,-1.5500544322674288,-0.8951160074094624,0.5425387667853832,0.1131938665958523,-0.7953751757300029,-0.1292559033650668,1
28,0,67,2,-1.5500016677541693,-0.8980092947417256,-1.5500544322674288,-0.8951160074094624,0.5425387667853832,0.1131938665958523,-0.7953751757300029,-0.1292559033650668,1
77,1,68,7,-1.083601012219377,-1.239971908442872,-1.0855497579570232,-1.2388977333386937,-0.3867434176785535,3.035817526117244,0.674558807342722,-1.1716081481541474,1
78,0,68,7,-1.083601012219377,-1.239971908442872,-1.0855497579570232,-1.2388977333386937,-0.3867434176785535,3.035817526117244,0.674558807342722,-1.1716081481541474,1
79,0,69,7,-1.2460543196034848,-1.0735973480549084,-1.2471988817467334,-1.0717514218701414,-0.3114840384383526,-0.2442990178521252,-0.2019034849106674,-1.1599331224335496,1
82,0,70,7,-1.2157652443532412,-1.0714341801507263,-1.2169723945429105,-1.0696484645890014,0.4234713310075647,-0.0227540719850014,0.4979384271517212,-1.0186642228053862,1
85,0,71,7,-1.220544095259117,-1.085840732724705,-1.2217771926812722,-1.084079882509334,-0.3114817269487935,-0.1034644531331229,0.4343994233723377,-1.1113868047098272,1
86,0,71,7,-1.220544095259117,-1.085840732724705,-1.2217771926812722,-1.084079882509334,-0.3114817269487935,-0.1034644531331229,0.4343994233723377,-1.1113868047098272,1
167,0,73,15,-0.8968943459025636,-1.3303879568015018,-0.899533520888727,-1.329974346659114,-0.4227072120208648,-0.1676554304821531,1.0207527904037397,-1.1485123782000006,1
168,0,73,15,-0.8968943459025636,-1.3303879568015018,-0.899533520888727,-1.329974346659114,-0.4227072120208648,-0.1676554304821531,1.0207527904037397,-1.1485123782000006,1
169,0,74,15,-0.8978266361804429,-1.3077875864086528,-0.9004011243480747,-1.307313581071167,-0.4579785960344044,-0.0753990075955669,1.499080368975089,-1.1581077981626566,1
171,0,74,15,-0.8978266361804429,-1.3077875864086528,-0.9004011243480747,-1.307313581071167,-0.4579785960344044,-0.0753990075955669,1.499080368975089,-1.1581077981626566,1
172,0,75,15,-0.9453043818132332,-1.343651016577647,-0.947862599993232,-1.343158490303885,-0.4333416776406671,0.0367421020193703,3.753294039431947,-1.2026990903641503,1
173,0,75,15,-0.9453043818132332,-1.343651016577647,-0.947862599993232,-1.343158490303885,-0.4333416776406671,0.0367421020193703,3.753294039431947,-1.2026990903641503,1
174,0,75,15,-0.9453043818132332,-1.343651016577647,-0.947862599993232,-1.343158490303885,-0.4333416776406671,0.0367421020193703,3.753294039431947,-1.2026990903641503,1
259,0,80,23,-0.5004361787705209,-1.0528396762471028,-0.5031947889275558,-1.0527070911807794,0.0838268170535032,0.1798333736681849,-0.2940763281583996,-0.8674308224971375,1
262,0,81,23,-0.5030949325259572,-1.0723664545336733,-0.5059066791266729,-1.0722745589956504,0.1170615004707084,-0.1303155701502183,-0.4759486608595512,-0.8346563768519184,1
37,0,86,3,-1.5675149132704964,-1.6078925369942003,-1.5691736559209906,-1.60676204180412,-0.3169622432984624,0.6792226503597177,-0.4789246221551475,-1.6373114810316098,1
38,1,86,3,-1.5675149132704964,-1.6078925369942003,-1.5691736559209906,-1.60676204180412,-0.3169622432984624,0.6792226503597177,-0.4789246221551475,-1.6373114810316098,1
88,0,87,8,-1.1281575816481428,-1.3601333363324062,-1.1303146209492867,-1.3592680203112757,-0.4095456386973195,-0.0899131042522798,2.900129515977786,-1.305248412966618,1
89,0,87,8,-1.1281575816481428,-1.3601333363324062,-1.1303146209492867,-1.3592680203112757,-0.4095456386973195,-0.0899131042522798,2.900129515977786,-1.305248412966618,1
90,0,88,8,-1.1466238350040792,-1.3508033091093188,-1.1487115943533093,-1.34987290116269,-0.3498978893748046,0.5523979549416087,2.895284759138364,-1.2309434614344752,1
91,0,88,8,-1.1466238350040792,-1.3508033091093188,-1.1487115943533093,-1.34987290116269,-0.3498978893748046,0.5523979549416087,2.895284759138364,-1.2309434614344752,1
92,0,88,8,-1.1466238350040792,-1.3508033091093188,-1.1487115943533093,-1.34987290116269,-0.3498978893748046,0.5523979549416087,2.895284759138364,-1.2309434614344752,1
93,0,89,8,-1.159157959851137,-1.392333219512163,-1.161322687242719,-1.391483127461837,-0.2733969935065606,0.0649183652030105,-0.3577511305912521,-1.2471380535184782,1
94,0,89,8,-1.159157959851137,-1.392333219512163,-1.161322687242719,-1.391483127461837,-0.2733969935065606,0.0649183652030105,-0.3577511305912521,-1.2471380535184782,1
95,0,90,8,-1.1569066514764037,-1.407883264883975,-1.1591171852894402,-1.407078754140595,-0.2648923750164544,0.2362494456259415,0.7677763722023413,-1.2840863374939682,1
97,0,91,8,-1.3965052528916213,-1.7448640373512478,-1.3989422578565591,-1.74444986209812,-0.5354400905537346,-0.1801553925099965,5.028644732669514,-1.456918395258257,1
98,0,91,8,-1.3965052528916213,-1.7448640373512478,-1.3989422578565591,-1.74444986209812,-0.5354400905537346,-0.1801553925099965,5.028644732669514,-1.456918395258257,1
101,0,92,8,-1.4127961622658411,-1.7457598947661113,-1.41519140331613,-1.7453145624439628,-0.5398685880159018,-0.086173245889428,0.4870056478653331,-1.4505570288763914,1
102,0,93,8,-1.4042190917093411,-1.7453010409682543,-1.406636354664072,-1.744872128767706,-0.5377335917756938,-0.2259590968085445,4.846563751612773,-1.4555456905633644,1
103,0,93,8,-1.4042190917093411,-1.7453010409682543,-1.406636354664072,-1.744872128767706,-0.5377335917756938,-0.2259590968085445,4.846563751612773,-1.4555456905633644,1
104,0,93,8,-1.4042190917093411,-1.7453010409682543,-1.406636354664072,-1.744872128767706,-0.5377335917756938,-0.2259590968085445,4.846563751612773,-1.4555456905633644,1
106,0,96,8,-1.4098335509383544,-1.769656709222746,-1.4122946296045231,-1.7692827190403235,-0.5818848389326903,-0.1658275432663803,0.8503970952194557,-1.4871636089892226,1
110,0,97,8,-1.4491900123727195,-1.726284100234858,-1.4514404593229235,-1.725711175120107,-0.5772425277346982,-0.0987216430715877,-0.4172596169125828,-1.5433675082474538,1
178,0,98,16,-0.8488019792717646,-1.6146005425152488,-0.8523520174444273,-1.6150508754287505,-0.1394863901109111,-0.2124154496128394,-0.4189277646340714,-1.496452371401899,1
179,0,99,16,-0.8469028694464538,-1.631782068057218,-0.8505059167398865,-1.6322831985596509,-0.0511616366845507,-0.2125420526574267,-0.4808256123508295,-1.400870555026413,1
180,0,99,16,-0.8469028694464538,-1.631782068057218,-0.8505059167398865,-1.6322831985596509,-0.0511616366845507,-0.2125420526574267,-0.4808256123508295,-1.400870555026413,1
181,0,99,16,-0.8469028694464538,-1.631782068057218,-0.8505059167398865,-1.6322831985596509,-0.0511616366845507,-0.2125420526574267,-0.4808256123508295,-1.400870555026413,1
182,0,100,16,-0.8344516148463204,-1.6541930702160312,-0.838150172092418,-1.6547843725883626,0.0031266765014433,-0.3030662205812566,3.5314514263265866,-1.3592909196279417,1
190,0,103,16,-0.8630142266190046,-1.638125903897428,-0.8665927051338254,-1.6386058770015757,-0.2475514361522484,-0.1607967221478968,0.2885488041053938,-1.5649124904547658,1
266,0,104,24,-0.3418777729917793,-1.3541048714358024,-0.3459349305114011,-1.3551454512369232,2.486761944347378,0.2306386046893065,-0.4154817468966891,-0.958144583971618,1
269,0,107,24,-0.5335725375879473,-1.3508761430454863,-0.5371528140918312,-1.351407486553497,-0.1397177059246452,-0.0100151398796099,-0.3844865852811643,-1.1863208884942804,1
0,0,108,0,-1.5174129431518222,-1.9022363232288797,-1.5198935549648676,-1.9020081373417743,-0.6759327678064672,-0.2773683998722551,-0.7953751757300029,-2.322606089260718,1
2,0,109,0,-1.5993301822348982,-2.0050341407360244,-1.601817130669794,-2.004928334223873,-0.6741113202490835,-0.3089455570739246,0.0089260686559944,-2.698011358206593,1
3,1,109,0,-1.5993301822348982,-2.0050341407360244,-1.601817130669794,-2.004928334223873,-0.6741113202490835,-0.3089455570739246,0.0089260686559944,-2.698011358206593,1
4,0,110,0,-1.59171302537192,-2.0009772904914818,-1.594212508951476,-2.0008751292535987,-0.6811025853874304,-0.3048133300328984,-0.2186972801857772,-2.576949443540214,1
5,0,110,0,-1.59171302537192,-2.0009772904914818,-1.594212508951476,-2.0008751292535987,-0.6811025853874304,-0.3048133300328984,-0.2186972801857772,-2.576949443540214,1
7,0,111,0,-1.6156003740473854,-1.9855801963856217,-1.6179962046028975,-1.985388845802128,-0.6960785043976772,-0.3240803188472745,-0.7953751757300029,-3.4219180428264018,1
8,0,111,0,-1.6156003740473854,-1.9855801963856217,-1.6179962046028975,-1.985388845802128,-0.6960785043976772,-0.3240803188472745,-0.7953751757300029,-3.4219180428264018,1
9,0,111,0,-1.6156003740473854,-1.9855801963856217,-1.6179962046028975,-1.985388845802128,-0.6960785043976772,-0.3240803188472745,-0.7953751757300029,-3.4219180428264018,1
6,0,111,0,-1.6156003740473854,-1.9855801963856217,-1.6179962046028975,-1.985388845802128,-0.6960785043976772,-0.3240803188472745,-0.7953751757300029,-3.4219180428264018,1
40,0,112,4,-1.4234864241188678,-1.856868064389995,-1.426120778496475,-1.856705132073892,-0.6131852898867299,-0.2575843744983292,0.7064520985326256,-1.693658122926565,1
41,0,113,4,-1.41743689609351,-1.9302118381109077,-1.420265190934841,-1.930263461907684,0.0,0.0,0.0,0.0,1
42,1,113,4,-1.41743689609351,-1.9302118381109077,-1.420265190934841,-1.930263461907684,0.0,0.0,0.0,0.0,1
